antiga;nova
HVAC1-CR-1;CRAH1-CR1
HVAC1-CR-2;CRAH1-CR2
HVAC-1-UT-1;CRAH1-UT1
HVAC-1-UT-2;CRAH1-UT2
HVAC-1-UT-3;CRAH1-UT3
HVAC-1-UT-4;CRAH1-UT4
QE-HVAC1-CR-1;EP-CRAH1-CR1
QE-HVAC1-CR-2;EP-CRAH1-CR2
QE-HVAC1-UT-1;EP-CRAH1-UT1
QE-HVAC1-UT-2;EP-CRAH1-UT2
QE-HVAC1-UT-3;EP-CRAH1-UT3
QE-HVAC1-UT-4;EP-CRAH1-UT4
QF-AC-FIBER-A;EP-CRAH-F-A
QF-ARCOND1-1;EP-CRAH1-1
HVAC2-CR-1;CRAH2-CR1
HVAC2-CR-2;CRAH2-CR2
HVAC-2-UT-1;CRAH2-UT1
HVAC-2-UT-2;CRAH2-UT2
HVAC-2-UT-3;CRAH2-UT3
HVAC-2-UT-4;CRAH2-UT4
HVAC-2-UT-5;CRAH2-UT5
QE-HVAC2-CR-1;EP-CRAH2-CR1
QE-HVAC2-CR-2;EP-CRAH2-CR2
QE-HVAC2-UT-1;EP-CRAH2-UT1
QE-HVAC2-UT-2;EP-CRAH2-UT2
QE-HVAC2-UT-3;EP-CRAH2-UT3
QE-HVAC2-UT-4;EP-CRAH2-UT4
QE-HVAC2-UT-5;EP-CRAH2-UT5
QF-AC-FIBER-B;EP-CRAH-F-B
QF-ARCOND2-1;EP-CRAH2-1
 HVAC1-1-5;CRAH1-1-5
 HVAC1-1-6;CRAH1-1-6
QE-HVAC1-1-5;EP-CRAH1-1-5
QE-HVAC1-1-6;EP-CRAH1-1-6
CH1-1C;DP1-1CRAH-ER1-1-S1 
HVAC1-1-1;CRAH1-1-1
HVAC1-1-2;CRAH1-1-2
HVAC1-1-3;CRAH1-1-3
HVAC1-1-4;CRAH1-1-4
CH1-1D;DP1-1-CRAH-ER1-2-S2 
CH1-2D;DP1-2CRAH-ER1-1-S2 
 HVAC1-2-5;CRAH1-2-5
HVAC1-2-6;CRAH1-2-6
QE-HVAC1-2-5;EP-CRAH1-2-5
QE-HVAC1-2-6;EP-CRAH1-2-6
CH1-1D;DP1-1CRAH-ER1-2-S2 
HVAC1-2-1;CRAH1-2-1
HVAC1-2-2;CRAH1-2-2
HVAC1-2-3;CRAH1-2-3
HVAC1-2-4;CRAH1-2-4
CH1-2C;DP1-2-CRAH-ER1-2-S1 
CRAH1-3-6;CRAH1-3-6
HVAC-1-3-5;CRAH1-3-5
QE-CRAH1-3-5;EP-CRAH1-3-5
QE-CRAH1-3-6;EP-CRAH1-3-6
CH2-1C;DP1-3-CRAH-ER1-3-S1 
CH3-2D;DPC-1-CRAH-ER1-3-S2  
HVAC 1-3-2;CRAH1-3-2
HVAC 1-3-3;CRAH1-3-3
HVAC 1-3-4;CRAH1-3-4
HVAC1-3-1;CRAH1-3-1
CH2-2C;DP1-1CRAH-ER1-4-S1 
CH3-1D;DP1-2CRAH-ER1-4-S2 
HVAC1-4-1;CRAH1-4-1
HVAC1-4-4;CRAH1-4-4
CH2-2D;DPC-1CRAH-ER1-5-S2
CH3-1C;DP1-3CRAH-ER1-5-S1 
HVAC 1-5-1;CRAH1-5-1
HVAC 1-5-4;CRAH1-5-4
CH4-2C;DPC-2-CRAH-ER2-1-S2 
CH6-1C;DP2-1-CRAH-ER2-1-S1 
HVAC2-1-1;CRAH2-1-1
HVAC2-1-2;CRAH2-1-2
HVAC2-1-3;CRAH2-1-3
HVAC2-1-4;CRAH2-1-4
HVAC2-1-5;CRAH2-1-5
HVAC2-1-6;CRAH2-1-6
QE-HVAC2-1-5;EP-CRAH2-1-5
QE-HVAC2-1-6;EP-CRAH2-1-6
CH5-1D;DP2-1CRAH-ER2-2-S2 
CH6-2C;DP2-2CRAH-ER2-2-S1 
HVAC2-1-1;CRAH2-2-1
HVAC2-2-2;CRAH2-2-2
HVAC2-2-3;CRAH2-2-3
HVAC2-2-4;CRAH2-2-4
HVAC1-6-2;CRAHC-1-2
HVAC1-6-3;CRAHC-1-3
HVAC1-6-4;CRAHC-1-4
CRAHC-1-5;CRAHC-1-5
CRAHC-1-6;CRAHC-1-6
QE-CRAHC-1-5;EP-CRAHC-1-5
QE-CRAHC-1-6;EP-CRAHC-1-6
CH2-1D;DP1-3CRAH-ERC-1-S2 
CH3-2C;DPC-1CRAH-ERC-1-S1 
HVAC1-6-1;CRAHC-1-1
CH5-1D;DP2-1-CRAH-ERC-2-S2 
HVAC 2-6-1;CRAHC-2-1
HVAC 2-6-2;CRAHC-2-2
HVAC 2-6-3;CRAHC-2-3
HVAC 2-6-4;CRAHC-2-4
CH4-2D;DPC-2-CRAH-ER-C2-S1 
HVAC2-6-5;CRAHC-2-5
HVAC2-6-6;CRAHC-2-6
QE-HVAC2-6-5;EP-CRAHC-2-5
QE-HVAC2-6-6;EP-CRAHC-2-6
ATS-QF-ARCOND-1-1;ATS-EP-CRAH1-1
ATS-QF-ARCOND-2-1;ATS-EP-CRAH2-1
HVAC1-MLB-1-1;CRAH-MLB1-1
HVAC1-MLB-1-2;CRAH-MLB1-2
CH3-2E;DP-C-1-CRAH-MLB-1 
HVAC-UP-1;CRAH-UP-1
 HVAC-UP-2;CRAH-UP-2
HVAC1-BT-2;CRAH-BAT-MLB1-2
QE-HVAC1-BT-1;EP-CRAH1-BAT1
HVAC1-BT-1;CRAH-BAT-MLB1-1
QE-HVAC1-BT-2;EP-CRAH1-BAT2
QF-ARCOND1-2;EP-CRAH-MLB1
QE-HVAC1-UP-2;EP-CRAH1-UP-2
QE-HVAC1-UP-1;EP-CRAH1-UP-1
HVAC2-MB-2;CRAH2-MLB2-2
HVAC2-MB-1;CRAH2-MLB2-1
CH4-2E;DP-C-2-CRAH-MLB-2
HVAC2-BT-2;CRAH2-BAT-MLB2-2
HVAC2-UP-2;CRAH2-UP-MLB2-2
HVAC2-UP-1;CRAH2-UP-MLB2-1
QE-HVAC2-BT-1;EP-CRAH2-BAT1
QF-ARCOND2-2;EP-CRAH-MLB2
QE-HVAC2-BT-2;EP-CRAH2-BAT2
HVAC2-BT-1;CRAH1-BAT-MLB2-1
QE-HVAC2-UP-2;EP-CRAH2-UP-2
QE-HVAC2-UP-1;EP-CRAH2-UP-1
MDP-CH1-2;DP1-2-CRAH-TA 
MDP-CH1-1;DP1-1-CRAH-TA
MDP-CH2-1;DP1-3-CRAH-TA
MDP-CH3-2;DPC-1-CRAH-TA 
MDP-CH4-2;DP-C-2-CRAH-TA 
MDP-CH6-1;DP2-1-CRAH-TA
MDP-CH6-2;DP2-2-CRAH-TA
ACDP-CH1-2B;DP1-1-CRAH-TA-S2 
ACDP-CH1-1B;DP1-2-CRAH-TA-S2 
ACDP-CH1-2A;DP1-2-CRAH-TA-S1 
ATS-ACDP-CH1-1B;ATS-DP1-1CRAH-TA-S2 
ATS-ACDP-CH1-2A;ATS-DP1-2CRAH-TA-S1 
ATS-ACDP-CH1-2B;ATS-DP1-2CRAH-TA-S2 
CRAH 1.A.1;CRAH1-A01
CRAH 1.A.2;CRAH1-A02
CRAH 1.A.11;CRAH1-A11
CRAH 1.A.12;CRAH1-A12
CRAH 1.A.13;CRAH1-A13
CRAH 1.A.14;CRAH1-A14
CRAH 1.A.15;CRAH1-A15
CRAH 1.A.16;CRAH1-A16
CRAH 1.A.17;CRAH1-A17
CRAH 1.A.18;CRAH1-A18
CRAH 1.A.19;CRAH1-A19
CRAH 1.A.20;CRAH1-A20
CRAH 1.A.3;CRAH1-A03
CRAH 1.A.21;CRAH1-A21
CRAH 1.A.22;CRAH1-A22
CRAH 1.A.23;CRAH1-A23
CRAH 1.A.24;CRAH1-A24
CRAH 1.A.4;CRAH1-A04
CRAH 1.A.5;CRAH1-A05
CRAH 1.A.6;CRAH1-A06
CRAH 1.A.7;CRAH1-A07
CRAH 1.A.8;CRAH1-A08
CRAH 1.A.9;CRAH1-A09
CRAH 1.A.10;CRAH1-A10
ATS-ACDP-CH1-1A;ATS-DP1-1CRAH-TA-S1 
ACDP-CH1-1A;DP1-1-CRAH-TA-S1 
ACDP-CH2-1B;DP1-3-CRAH-TA-S2 
ACDP-CH3-2A;DPC-1-CRAH-TA-S1 
ACDP-CH3-2B;DPC-1-CRAH-TA-S2 
ATS-ACDP-CH2-1B;ATS-DP1-3CRAH-TA-S2 
ATS-ACDP-CH3-2-1B;ATS-DPC-1CRAH-TA-S1 
ATS-ACDP-CH3-2-2B;ATS-DPC-1CRAH-TA-S2 
CRAH 1.B.1;CRAH1-B01
CRAH 1.B.2;CRAH1-B02
CRAH 1.B.11;CRAH1-B11
CRAH 1.B.12;CRAH1-B12
CRAH 1.B.13;CRAH1-B13
CRAH 1.B.14;CRAH1-B14
CRAH 1.B.15;CRAH1-B15
CRAH 1.B.16;CRAH1-B16
CRAH 1.B.17;CRAH1-B17
CRAH 1.B.18;CRAH1-B18
CRAH 1.B.19;CRAH1-B19
CRAH 1.B.20;CRAH1-B20
CRAH 1.B.3;CRAH1-B03
CRAH 1.B.21;CRAH1-B21
CRAH 1.B.22;CRAH1-B22
CRAH 1.B.23;CRAH1-B23
CRAH 1.B.24;CRAH1-B24
CRAH 1.B.4;CRAH1-B04
CRAH 1.B.5;CRAH1-B05
CRAH 1.B.6;CRAH1-B06
CRAH 1.B.7;CRAH1-B07
CRAH 1.B.8;CRAH1-B08
CRAH 1.B.9;CRAH1-B09
CRAH 1.B.10;CRAH1-B10
ATS-ACDP-CH2-1A;ATS-DP1-3CRAH-TA-S1 
ACDP-CH2-1A;DP1-3-CRAH-TA-S1 
C04015CRAH2C01;CRAH2-C01
C04015CRAH2C04;CRAH2-C04
C04015CRAH2C03;CRAH2-C03
C04015CRAH2C21;CRAH2-C21
C04015CRAH2C22;CRAH2-C22
C04015CRAH2C23;CRAH2-C23
C04015CRAH2C24;CRAH2-C24
;CRAH2-C07
ATS-ACDP-CH5-1A;ATS-DPC-2CRAH-TA-S1
ACDP-CH6-1A;DP2-1-CRAH-TA-S1 
;CRAH2-C08
;CRAH2-C09
;CRAH2-C10
;CRAH2-C12
C04015CRAH2C02;CRAH2-C02
ATS-ACDP-CH6-2B;ATS-DP2-1CRAH-TA-S2 
C04013CRAH2D01;CRAH2-D01
C04013CRAH2D02;CRAH2-D02
C04013CRAH2D03;CRAH2-D03
C04013CRAH2D04;CRAH2-D04
C04013CRAH2D21;CRAH2-D21
C04013CRAH2D22;CRAH2-D22
C04013CRAH2D23;CRAH2-D23
C04013CRAH2D24;CRAH2-D24
;CRAH2-D07
ATS-ACDP-CH6-1A;ATS-DP2-1CRAH-TA-S1 
ACDP-CH6-2B;DP2-1-CRAH-TA-S2 
;CRAH2-D08
;CRAH2-D09
;CRAH2-D10
;CRAH2-D11
;
;
;
;
;
;
;
;
;
;
;
;
;
;
;
;
;
;
;
;
;
;
;
;
;
;
;
;
;
;
;
;
;
;
;
;
;
;
;
;
;
;
;
;
;
;
;
;
;
;
;
;
;
;
;
;
;
;
;
;
;
;
;
;
;
;
;
;
;
;
;
;
;
;
;
;
;
;
;
;
;
;
;
;
;
;
;
;
;
;
;
;
;
;
;
;
;
;
;
;
;
;
;
;
;
;
;
;
;
;
;
;
;
;
;
;
;
;
;
;
;
;
;
;
;
;
;
;
;
;
;
;
;
;
;
;
;
;
;
;
;
;
;
;
;
;
;
;
;
;
;
;
;
;
;
;
;
;
;
;
;
;
;
;
;
;
;
;
;
;
;
;
;
;
;
;
;
;
;
;
;
;
;
;
;
;
;
;
;
;
;
;
;
;
;
;
;
;
;
;
;
;
;
;
;
;
;
;
;
;
;
;
;
;
;
;
;
;
;
;
;
;
;
;
;
;
;
;
;
;
;
;
;
;
;
;
;
;
;
;
;
;
;
;
;
;
;
;
;
;
;
;
;
;
;
;
;
;
;
;
;
;
;
;
;
;
;
;
;
;
;
;
;
;
;
;
;
;
;
;
;
;
;
;
;
;
;
;
;
;
;
;
;
;
;
;
;
;
;
;
;
;
;
;
;
;
;
;
;
;
;
;
;
;
;
;
;
;
;
;
;
;
;
;
;
;
;
;
;
;
;
;
;
;
;
;
;
;
;
;
;
;
;
;
;
;
;
;
;
;
;
;
;
;
;
;
;
;
;
;
;
;
;
;
;
;
;
;
;
;
;
;
;
;
;
;
;
;
;
;
;
;
;
;
;
;
;
;
;
;
;
;
;
;
;
;
;
;
;
;
;
;
;
;
;
;
;
;
;
;
;
;
;
;
;
;
;
;
;
;
;
;
;
;
;
;
;
;
;
;
;
;
;
;
;
;
;
;
;
;
;
;
;
;
;
;
;
;
;
;
;
;
;
;
;
;
;
;
;
;
;
;
;
;
;
;
;
;
;
;
;
;
;
;
;
;
;
;
;
;
;
;
;
;
;
;
;
;
;
;
;
;
;
;
;
;
;
;
;
;
;
;
;
;
;
;
;
;
;
;
;
;
;
;
;
;
;
;
;
;
;
;
;
;
;
;
;
;
;
;
;
;
;
;
;
;
;
;
;
;
;
;
;
;
;
;
;
;
;
;
;
;
;
;
;
;
;
;
;
;
;
;
;
;
;
;
;
;
;
;
;
;
;
;
;
;
;
;
;
;
;
;
;
;
;
;
;
;
;
;
;
;
;
;
;
;
;
;
;
;
;
;
;
;
;
;
;
;
;
;
;
;
;
;
;
;
;
;
;
;
;
;
;
;
;
;
;
;
;
;
;
;
;
;
;
;
;
;
;
;
;
;
;
;
;
;
;
;
;
;
;
;
;
;
;
;
;
;
;
;
;
;
;
;
;
;
;
;
;
;
;
;
;
;
;
;
;
;
;
;
;
;
;
;
;
;
;
;
;
;
;
;
;
;
;
;
;
;
;
;
;
;
;
;
;
;
;
;
;
;
;
;
;
;
;
;
;
;
;
;
;
;
;
;
;
;
;
;
;
;
;
;
;
;
;
;
;
;
;
;
;
;
;
;
;
;
;
;
;
;
;
;
;
;
;
;
;
;
;
;
;
;
;
;
;
;
;
;
;
;
;
;
;
;
;
;
;
;
;
;
;
;
;
;
;
;
;
;
;
;
;
;
;
;
;
;
;
;
;
;
;
;
;
;
;
;
;
;
;
;
;
;
;
;
;
;
;
;
;
;
;
;
;
;
;
;
;
;
;
;
;
;
;
;
;
;
;
;
;
;
;
;
;
;
;
;
;
;
;
;
;
;
;
;
;
;
;
;
;
;
;
;
;
;
;
;
;
;
;
;
;
;
;
;
;
;
;
;
;
;
;
;
;
;
;
;
;
;
;
;
;
;
;
;
;
;
;
;
;
;
;
;
;
;
;
;
;
;
;
;
;
;
;
;
;
;
;
;
;
;
;
;
;
;
;
;
;
;
;
;
;
;
;
;
;
;
;
;
;
;
;
;
;
;
;
;
;
;
;
;
;
;
;
;
;
;
;
;
;
;
;
;
;
;
;
;
;
;
;
;
;
;
;
;
;
;
;
;
;
;
;
;
;
;
;
;
;
;
;
;
;
;
;
;
;
;
;
;
;
;
;
;
;
;
;
;
;
;
;
;
;
;
;
;
;
;
;
;
;
;
;
;
;
;
;
;
;
;
;
;
;
;
;
;
;
;
;
;
;
;
;
;
;
;
;
;
;
;
;
;
;
;
;
;
;
;
;
;
;
;
;
;
;
;
;
;
;
;
;
;
;
;
;
;
;
;
;
;
;
;
;
;
;
;
;
;
;
;
;
;
;
;
;
;
;
;
;
;
;
;
;
;
;
;
;
;
;
;
;
;
;
;
;
;
;
;
;
;
;
;
;
;
;
;
;
;
;
;
;
;
;
;
;
;
;
;
;
;
;
;
;
;
;
;
;
;
;
;
;
;
;
;
;
;
;
;
;
;
;
;
;
;
;
;
;
;
;
;
;
;
;
;
;
;
;
;
;
;
;
;
;
;
;
;
;
;
;
;
;
;
;
;
;
;
;
;
;
;
;
;
;
;
;
;
;
;
;
;
;
;
;
;
;
;
;
;
;
;
;
;
;
;
;
;
;
;
;
;
;
;
;
;
;
;
;
;
;
;
;
;
;
;
;
;
;
;
;
;
;
;
;
;
;
;
;
;
;
;
;
;
;
;
;
;
;
;
;
;
;
;
;
;
;
;
;
;
;
;
;
;
;
;
;
;
;
;
;
;
;
;
;
;
;
;
;
;
;
;
;
;
;
;
;
;
;
;
;
;
;
;
;
;
;
;
;
;
;
;
;
;
;
;
;
;
;
;
;
;
;
;
;
;
;
;
;
;
;
;
;
;
;
;
;
;
;
;
;
;
;
;
;
;
;
;
;
;
;
;
;
;
;
;
;
;
;
;
;
;
;
;
;
;
;
;
;
;
;
;
;
;
;
;
;
;
;
;
;
;
;
;
;
;
;
;
;
;
;
;
;
;
;
;
;
;
;
;
;
;
;
;
;
;
;
;
;
;
;
;
;
;
;
;
;
;
;
;
;
;
;
;
;
;
;
;
;
;
;
;
;
;
;
;
;
;
;
;
;
;
;
;
;
;
;
;
;
;
;
;
;
;
;
;
;
;
;
;
;
;
;
;
;
;
;
;
;
;
;
;
;
;
;
;
;
;
;
;
;
;
;
;
;
;
;
;
;
;
;
;
;
;
;
;
;
;
;
;
;
;
;
;
;
;
;
;
;
;
;
;
;
;
;
;
;
;
;
;
;
;
;
;
;
;
;
;
;
;
;
;
;
;
;
;
;
;
;
;
;
;
;
;
;
;
;
;
;
;
;
;
;
;
;
;
;
;
;
;
;
;
;
;
;
;
;
;
;
;
;
;
;
;
;
;
;
;
;
;
;
;
;
;
;
;
;
;
;
;
;
;
;
;
;
;
;
;
;
;
;
;
;
;
;
;
;
;
;
;
;
;
;
;
;
;
;
;
;
;
;
;
;
;
;
;
;
;
;
;
;
;
;
;
;
;
;
;
;
;
;
;
;
;
;
;
;
;
;
;
;
;
;
;
;
;
;
;
;
;
;
;
;
;
;
;
;
;
;
;
;
;
;
;
;
;
;
;
;
;
;
;
;
;
;
;
;
;
;
;
;
;
;
;
;
;
;
;
;
;
;
;
;
;
;
;
;
;
;
;
;
;
;
;
;
;
;
;
;
;
;
;
;
;
;
;
;
;
;
;
;
;
;
;
;
;
;
;
;
;
;
;
;
;
;
;
;
;
;
;
;
;
;
;
;
;
;
;
;
;
;
;
;
;
;
;
;
;
;
;
;
;
;
;
;
;
;
;
;
;
;
;
;
;
;
;
;
;
;
;
;
;
;
;
;
;
;
;
;
;
;
;
;
;
;
;
;
;
;
;
;
;
;
;
;
;
;
;
;
;
;
;
;
;
;
;
;
;
;
;
;
;
;
;
;
;
;
;
;
;
;
;
;
;
;
;
;
;
;
;
;
;
;
;
;
;
;
;
;
;
;
;
;
;
;
;
;
;
;
;
;
;
;
;
;
;
;
;
;
;
;
;
;
;
;
;
;
;
;
;
;
;
;
;
;
;
;
;
;
;
;
;
;
;
;
;
;
;
;
;
;
;
;
;
;
;
;
;
;
;
;
;
;
;
;
;
;
;
;
;
;
;
;
;
;
;
;
;
;
;
;
;
;
;
;
;
;
;
;
;
;
;
;
;
;
;
;
;
;
;
;
;
;
;
;
;
;
;
;
;
;
;
;
;
;
;
;
;
;
;
;
;
;
;
;
;
;
;
;
;
;
;
;
;
;
;
;
;
;
;
;
;
;
;
;
;
;
;
;
;
;
;
;
;
;
;
;
;
;
;
;
;
;
;
;
;
;
;
;
;
;
;
;
;
;
;
;
;
;
;
;
;
;
;
;
;
;
;
;
;
;
;
;
;
;
;
;
;
;
;
;
;
;
;
;
;
;
;
;
;
;
;
;
;
;
;
;
;
;
;
;
;
;
;
;
;
;
;
;
;
;
;
;
;
;
;
;
;
;
;
;
;
;
;
;
;
;
;
;
;
;
;
;
;
;
;
;
;
;
;
;
;
;
;
;
;
;
;
;
;
;
;
;
;
;
;
;
;
;
;
;
;
;
;
;
;
;
;
;
;
;
;
;
;
;
;
;
;
;
;
;
;
;
;
;
;
;
;
;
;
;
;
;
;
;
;
;
;
;
;
;
;
;
;
;
;
;
;
;
;
;
;
;
;
;
;
;
;
;
;
;
;
;
;
;
;
;
;
;
;
;
;
;
;
;
;
;
;
;
;
;
;
;
;
;
;
;
;
;
;
;
;
;
;
;
;
;
;
;
;
;
;
;
;
;
;
;
;
;
;
;
;
;
;
;
;
;
;
;
;
;
;
;
;
;
;
;
;
;
;
;
;
;
;
;
;
;
;
;
;
;
;
;
;
;
;
;
;
;
;
;
;
;
;
;
;
;
;
;
;
;
;
;
;
;
;
;
;
;
;
;
;
;
;
;
;
;
;
;
;
;
;
;
;
;
;
;
;
;
;
;
;
;
;
;
;
;
;
;
;
;
;
;
;
;
;
;
;
;
;
;
;
;
;
;
;
;
;
;
;
;
;
;
;
;
;
;
;
;
;
;
;
;
;
;
;
;
;
;
;
;
;
;
;
;
;
;
;
;
;
;
;
;
;
;
;
;
;
;
;
;
;
;
;
;
;
;
;
;
;
;
;
;
;
;
;
;
;
;
;
;
;
;
;
;
;
;
;
;
;
;
;
;
;
;
;
;
;
;
;
;
;
;
;
;
;
;
;
;
;
;
;
;
;
;
;
;
;
;
;
;
;
;
;
;
;
;
;
;
;
;
;
;
;
;
;
;
;
;
;
;
;
;
;
;
;
;
;
;
;
;
;
;
;
;
;
;
;
;
;
;
;
;
;
;
;
;
;
;
;
;
;
;
;
;
;
;
;
;
;
;
;
;
;
;
;
;
;
;
;
;
;
;
;
;
;
;
;
;
;
;
;
;
;
;
;
;
;
;
;
;
;
;
;
;
;
;
;
;
;
;
;
;
;
;
;
;
;
;
;
;
;
;
;
;
;
;
;
;
;
;
;
;
;
;
;
;
;
;
;
;
;
;
;
;
;
;
;
;
;
;
;
;
;
;
;
;
;
;
;
;
;
;
;
;
;
;
;
;
;
;
;
;
;
;
;
;
;
;
;
;
;
;
;
;
;
;
;
;
;
;
;
;
;
;
;
;
;
;
;
;
;
;
;
;
;
;
;
;
;
;
;
;
;
;
;
;
;
;
;
;
;
;
;
;
;
;
;
;
;
;
;
;
;
;
;
;
;
;
;
;
;
;
;
;
;
;
;
;
;
;
;
;
;
;
;
;
;
;
;
;
;
;
;
;
;
;
;
;
;
;
;
;
;
;
;
;
;
;
;
;
;
;
;
;
;
;
;
;
;
;
;
;
;
;
;
;
;
;
;
;
;
;
;
;
;
;
;
;
;
;
;
;
;
;
;
;
;
;
;
;
;
;
;
;
;
;
;
;
;
;
;
;
;
;
;
;
;
;
;
;
;
;
;
;
;
;
;
;
;
;
;
;
;
;
;
;
;
;
;
;
;
;
;
;
;
;
;
;
;
;
;
;
;
;
;
;
;
;
;
;
;
;
;
;
;
;
;
;
;
;
;
;
;
;
;
;
;
;
;
;
;
;
;
;
;
;
;
;
;
;
;
;
;
;
;
;
;
;
;
;
;
;
;
;
;
;
;
;
;
;
;
;
;
;
;
;
;
;
;
;
;
;
;
;
;
;
;
;
;
;
;
;
;
;
;
;
;
;
;
;
;
;
;
;
;
;
;
;
;
;
;
;
;
;
;
;
;
;
;
;
;
;
;
;
;
;
;
;
;
;
;
;
;
;
;
;
;
;
;
;
;
;
;
;
;
;
;
;
;
;
;
;
;
;
;
;
;
;
;
;
;
;
;
;
;
;
;
;
;
;
;
;
;
;
;
;
;
;
;
;
;
;
;
;
;
;
;
;
;
;
;
;
;
;
;
;
;
;
;
;
;
;
;
;
;
;
;
;
;
;
;
;
;
;
;
;
;
;
;
;
;
;
;
;
;
;
;
;
;
;
;
;
;
;
;
;
;
;
;
;
;
;
;
;
;
;
;
;
;
;
;
;
;
;
;
;
;
;
;
;
;
;
;
;
;
;
;
;
;
;
;
;
;
;
;
;
;
;
;
;
;
;
;
;
;
;
;
;
;
;
;
;
;
;
;
;
;
;
;
;
;
;
;
;
;
;
;
;
;
;
;
;
;
;
;
;
;
;
;
;
;
;
;
;
;
;
;
;
;
;
;
;
;
;
;
;
;
;
;
;
;
;
;
;
;
;
;
;
;
;
;
;
;
;
;
;
;
;
;
;
;
;
;
;
;
;
;
;
;
;
;
;
;
;
;
;
;
;
;
;
;
;
;
;
;
;
;
;
;
;
;
;
;
;
;
;
;
;
;
;
;
;
;
;
;
;
;
;
;
;
;
;
;
;
;
;
;
;
;
;
;
;
;
;
;
;
;
;
;
;
;
;
;
;
;
;
;
;
;
;
;
;
;
;
;
;
;
;
;
;
;
;
;
;
;
;
;
;
;
;
;
;
;
;
;
;
;
;
;
;
;
;
;
;
;
;
;
;
;
;
;
;
;
;
;
;
;
;
;
;
;
;
;
;
;
;
;
;
;
;
;
;
;
;
;
;
;
;
;
;
;
;
;
;
;
;
;
;
;
;
;
;
;
;
;
;
;
;
;
;
;
;
;
;
;
;
;
;
;
;
;
;
;
;
;
;
;
;
;
;
;
;
;
;
;
;
;
;
;
;
;
;
;
;
;
;
;
;
;
;
;
;
;
;
;
;
;
;
;
;
;
;
;
;
;
;
;
;
;
;
;
;
;
;
;
;
;
;
;
;
;
;
;
;
;
;
;
;
;
;
;
;
;
;
;
;
;
;
;
;
;
;
;
;
;
;
;
;
;
;
;
;
;
;
;
;
;
;
;
;
;
;
;
;
;
;
;
;
;
;
;
;
;
;
;
;
;
;
;
;
;
;
;
;
;
;
;
;
;
;
;
;
;
;
;
;
;
;
;
;
;
;
;
;
;
;
;
;
;
;
;
;
;
;
;
;
;
;
;
;
;
;
;
;
;
;
;
;
;
;
;
;
;
;
;
;
;
;
;
;
;
;
;
;
;
;
;
;
;
;
;
;
;
;
;
;
;
;
;
;
;
;
;
;
;
;
;
;
;
;
;
;
;
;
;
;
;
;
;
;
;
;
;
;
;
;
;
;
;
;
;
;
;
;
;
;
;
;
;
;
;
;
;
;
;
;
;
;
;
;
;
;
;
;
;
;
;
;
;
;
;
;
;
;
;
;
;
;
;
;
;
;
;
;
;
;
;
;
;
;
;
;
;
;
;
;
;
;
;
;
;
;
;
;
;
;
;
;
;
;
;
;
;
;
;
;
;
;
;
;
;
;
;
;
;
;
;
;
;
;
;
;
;
;
;
;
;
;
;
;
;
;
;
;
;
;
;
;
;
;
;
;
;
;
;
;
;
;
;
;
;
;
;
;
;
;
;
;
;
;
;
;
;
;
;
;
;
;
;
;
;
;
;
;
;
;
;
;
;
;
;
;
;
;
;
;
;
;
;
;
;
;
;
;
;
;
;
;
;
;
;
;
;
;
;
;
;
;
;
;
;
;
;
;
;
;
;
;
;
;
;
;
;
;
;
;
;
;
;
;
;
;
;
;
;
;
;
;
;
;
;
;
;
;
;
;
;
;
;
;
;
;
;
;
;
;
;
;
;
;
;
;
;
;
;
;
;
;
;
;
;
;
;
;
;
;
;
;
;
;
;
;
;
;
;
;
;
;
;
;
;
;
;
;
;
;
;
;
;
;
;
;
;
;
;
;
;
;
;
;
;
;
;
;
;
;
;
;
;
;
;
;
;
;
;
;
;
;
;
;
;
;
;
;
;
;
;
;
;
;
;
;
;
;
;
;
;
;
;
;
;
;
;
;
;
;
;
;
;
;
;
;
;
;
;
;
;
;
;
;
;
;
;
;
;
;
;
;
;
;
;
;
;
;
;
;
;
;
;
;
;
;
;
;
;
;
;
;
;
;
;
;
;
;
;
;
;
;
;
;
;
;
;
;
;
;
;
;
;
;
;
;
;
;
;
;
;
;
;
;
;
;
;
;
;
;
;
;
;
;
;
;
;
;
;
;
;
;
;
;
;
;
;
;
;
;
;
;
;
;
;
;
;
;
;
;
;
;
;
;
;
;
;
;
;
;
;
;
;
;
;
;
;
;
;
;
;
;
;
;
;
;
;
;
;
;
;
;
;
;
;
;
;
;
;
;
;
;
;
;
;
;
;
;
;
;
;
;
;
;
;
;
;
;
;
;
;
;
;
;
;
;
;
;
;
;
;
;
;
;
;
;
;
;
;
;
;
;
;
;
;
;
;
;
;
;
;
;
;
;
;
;
;
;
;
;
;
;
;
;
;
;
;
;
;
;
;
;
;
;
;
;
;
;
;
;
;
;
;
;
;
;
;
;
;
;
;
;
;
;
;
;
;
;
;
;
;
;
;
;
;
;
;
;
;
;
;
;
;
;
;
;
;
;
;
;
;
;
;
;
;
;
;
;
;
;
;
;
;
;
;
;
;
;
;
;
;
;
;
;
;
;
;
;
;
;
;
;
;
;
;
;
;
;
;
;
;
;
;
;
;
;
;
;
;
;
;
;
;
;
;
;
;
;
;
;
;
;
;
;
;
;
;
;
;
;
;
;
;
;
;
;
;
;
;
;
;
;
;
;
;
;
;
;
;
;
;
;
;
;
;
;
;
;
;
;
;
;
;
;
;
;
;
;
;
;
;
;
;
;
;
;
;
;
;
;
;
;
;
;
;
;
;
;
;
;
;
;
;
;
;
;
;
;
;
;
;
;
;
;
;
;
;
;
;
;
;
;
;
;
;
;
;
;
;
;
;
;
;
;
;
;
;
;
;
;
;
;
;
;
;
;
;
;
;
;
;
;
;
;
;
;
;
;
;
;
;
;
;
;
;
;
;
;
;
;
;
;
;
;
;
;
;
;
;
;
;
;
;
;
;
;
;
;
;
;
;
;
;
;
;
;
;
;
;
;
;
;
;
;
;
;
;
;
;
;
;
;
;
;
;
;
;
;
;
;
;
;
;
;
;
;
;
;
;
;
;
;
;
;
;
;
;
;
;
;
;
;
;
;
;
;
;
;
;
;
;
;
;
;
;
;
;
;
;
;
;
;
;
;
;
;
;
;
;
;
;
;
;
;
;
;
;
;
;
;
;
;
;
;
;
;
;
;
;
;
;
;
;
;
;
;
;
;
;
;
;
;
;
;
;
;
;
;
;
;
;
;
;
;
;
;
;
;
;
;
;
;
;
;
;
;
;
;
;
;
;
;
;
;
;
;
;
;
;
;
;
;
;
;
;
;
;
;
;
;
;
;
;
;
;
;
;
;
;
;
;
;
;
;
;
;
;
;
;
;
;
;
;
;
;
;
;
;
;
;
;
;
;
;
;
;
;
;
;
;
;
;
;
;
;
;
;
;
;
;
;
;
;
;
;
;
;
;
;
;
;
;
;
;
;
;
;
;
;
;
;
;
;
;
;
;
;
;
;
;
;
;
;
;
;
;
;
;
;
;
;
;
;
;
;
;
;
;
;
;
;
;
;
;
;
;
;
;
;
;
;
;
;
;
;
;
;
;
;
;
;
;
;
;
;
;
;
;
;
;
;
;
;
;
;
;
;
;
;
;
;
;
;
;
;
;
;
;
;
;
;
;
;
;
;
;
;
;
;
;
;
;
;
;
;
;
;
;
;
;
;
;
;
;
;
;
;
;
;
;
;
;
;
;
;
;
;
;
;
;
;
;
;
;
;
;
;
;
;
;
;
;
;
;
;
;
;
;
;
;
;
;
;
;
;
;
;
;
;
;
;
;
;
;
;
;
;
;
;
;
;
;
;
;
;
;
;
;
;
;
;
;
;
;
;
;
;
;
;
;
;
;
;
;
;
;
;
;
;
;
;
;
;
;
;
;
;
;
;
;
;
;
;
;
;
;
;
;
;
;
;
;
;
;
;
;
;
;
;
;
;
;
;
;
;
;
;
;
;
;
;
;
;
;
;
;
;
;
;
;
;
;
;
;
;
;
;
;
;
;
;
;
;
;
;
;
;
;
;
;
;
;
;
;
;
;
;
;
;
;
;
;
;
;
;
;
;
;
;
;
;
;
;
;
;
;
;
;
;
;
;
;
;
;
;
;
;
;
;
;
;
;
;
;
;
;
;
;
;
;
;
;
;
;
;
;
;
;
;
;
;
;
;
;
;
;
;
;
;
;
;
;
;
;
;
;
;
;
;
;
;
;
;
;
;
;
;
;
;
;
;
;
;
;
;
;
;
;
;
;
;
;
;
;
;
;
;
;
;
;
;
;
;
;
;
;
;
;
;
;
;
;
;
;
;
;
;
;
;
;
;
;
;
;
;
;
;
;
;
;
;
;
;
;
;
;
;
;
;
;
;
;
;
;
;
;
;
;
;
;
;
;
;
;
;
;
;
;
;
;
;
;
;
;
;
;
;
;
;
;
;
;
;
;
;
;
;
;
;
;
;
;
;
;
;
;
;
;
;
;
;
;
;
;
;
;
;
;
;
;
;
;
;
;
;
;
;
;
;
;
;
;
;
;
;
;
;
;
;
;
;
;
;
;
;
;
;
;
;
;
;
;
;
;
;
;
;
;
;
;
;
;
;
;
;
;
;
;
;
;
;
;
;
;
;
;
;
;
;
;
;
;
;
;
;
;
;
;
;
;
;
;
;
;
;
;
;
;
;
;
;
;
;
;
;
;
;
;
;
;
;
;
;
;
;
;
;
;
;
;
;
;
;
;
;
;
;
;
;
;
;
;
;
;
;
;
;
;
;
;
;
;
;
;
;
;
;
;
;
;
;
;
;
;
;
;
;
;
;
;
;
;
;
;
;
;
;
;
;
;
;
;
;
;
;
;
;
;
;
;
;
;
;
;
;
;
;
;
;
;
;
;
;
;
;
;
;
;
;
;
;
;
;
;
;
;
;
;
;
;
;
;
;
;
;
;
;
;
;
;
;
;
;
;
;
;
;
;
;
;
;
;
;
;
;
;
;
;
;
;
;
;
;
;
;
;
;
;
;
;
;
;
;
;
;
;
;
;
;
;
;
;
;
;
;
;
;
;
;
;
;
;
;
;
;
;
;
;
;
;
;
;
;
;
;
;
;
;
;
;
;
;
;
;
;
;
;
;
;
;
;
;
;
;
;
;
;
;
;
;
;
;
;
;
;
;
;
;
;
;
;
;
;
;
;
;
;
;
;
;
;
;
;
;
;
;
;
;
;
;
;
;
;
;
;
;
;
;
;
;
;
;
;
;
;
;
;
;
;
;
;
;
;
;
;
;
;
;
;
;
;
;
;
;
;
;
;
;
;
;
;
;
;
;
;
;
;
;
;
;
;
;
;
;
;
;
;
;
;
;
;
;
;
;
;
;
;
;
;
;
;
;
;
;
;
;
;
;
;
;
;
;
;
;
;
;
;
;
;
;
;
;
;
;
;
;
;
;
;
;
;
;
;
;
;
;
;
;
;
;
;
;
;
;
;
;
;
;
;
;
;
;
;
;
;
;
;
;
;
;
;
;
;
;
;
;
;
;
;
;
;
;
;
;
;
;
;
;
;
;
;
;
;
;
;
;
;
;
;
;
;
;
;
;
;
;
;
;
;
;
;
;
;
;
;
;
;
;
;
;
;
;
;
;
;
;
;
;
;
;
;
;
;
;
;
;
;
;
;
;
;
;
;
;
;
;
;
;
;
;
;
;
;
;
;
;
;
;
;
;
;
;
;
;
;
;
;
;
;
;
;
;
;
;
;
;
;
;
;
;
;
;
;
;
;
;
;
;
;
;
;
;
;
;
;
;
;
;
;
;
;
;
;
;
;
;
;
;
;
;
;
;
;
;
;
;
;
;
;
;
;
;
;
;
;
;
;
;
;
;
;
;
;
;
;
;
;
;
;
;
;
;
;
;
;
;
;
;
;
;
;
;
;
;
;
;
;
;
;
;
;
;
;
;
;
;
;
;
;
;
;
;
;
;
;
;
;
;
;
;
;
;
;
;
;
;
;
;
;
;
;
;
;
;
;
;
;
;
;
;
;
;
;
;
;
;
;
;
;
;
;
;
;
;
;
;
;
;
;
;
;
;
;
;
;
;
;
;
;
;
;
;
;
;
;
;
;
;
;
;
;
;
;
;
;
;
;
;
;
;
;
;
;
;
;
;
;
;
;
;
;
;
;
;
;
;
;
;
;
;
;
;
;
;
;
;
;
;
;
;
;
;
;
;
;
;
;
;
;
